Algorithm,Configuration,Iterations,AverageHashTime,AverageVerifyTime,MinHashTime,MaxHashTime,MinVerifyTime,MaxVerifyTime,Note
SHA-256,Default,100,0.02249899999999989,0.003211000000000005,0.0017,2.0593,0.0017,0.0384,Không dùng Salt
BCrypt,Cost=8,100,27.037048999999993,27.013669000000007,23.6153,34.7669,23.5979,36.205,WorkFactor=8
BCrypt,Cost=10,100,138.97249399999998,138.79491599999994,85.6181,255.2321,84.6774,249.989,WorkFactor=10
BCrypt,Cost=12,100,333.8243930000001,332.768065,299.7972,649.893,282.9752,682.1922,WorkFactor=12
BCrypt,Cost=14,100,1366.9948609999994,1373.8088109999999,1195.6873,2563.2996,1205.8331,2627.6685,WorkFactor=14
Argon2id,32 MB,100,142.90472499999998,141.38896400000004,125.3485,288.6806,125.391,164.6644,Memory=32MB
Argon2id,64 MB,100,297.05319599999996,297.01181399999996,250.1352,556.6713,235.6105,539.8907,Memory=64MB
Argon2id,128 MB,100,464.933329,467.2376909999999,401.6433,609.9487,404.3334,620.0812,Memory=128MB
