Algorithm,Configuration,Iterations,AverageHashTime,AverageVerifyTime,MinHashTime,MaxHashTime,MinVerifyTime,MaxVerifyTime,Note
SHA-256,Default,100,0.008317999999999987,0.0019489999999999991,0.0007,0.7162,0.0007,0.0167,Không dùng Salt
BCrypt,Cost=8,100,13.216595,13.183795999999997,12.5633,15.8163,12.558,14.8035,WorkFactor=8
BCrypt,Cost=10,100,53.65567299999998,53.96045300000001,50.2239,72.2872,50.0969,77.4124,WorkFactor=10
BCrypt,Cost=12,100,284.1617859999999,284.59096900000003,268.0557,329.057,268.8134,338.1668,WorkFactor=12
BCrypt,Cost=14,100,1685.5336920000004,1675.2398819999999,1054.5286,3581.3283,1069.7958,3505.2071,WorkFactor=14
Argon2id,32 MB,100,289.91653,292.4700969999999,199.4532,397.5263,213.7951,418.2549,Memory=32MB
Argon2id,64 MB,100,564.8207090000001,567.9234099999999,437.6205,847.8189,451.859,725.1486,Memory=64MB
Argon2id,128 MB,100,1164.32923,1157.650601,928.7361,1551.2829,818.1466,1475.2365,Memory=128MB
